Titulo,Plataforma,Fecha,Descripcion
Crimson Shroud,Nintendo 3DS,"December 13, 2012",LEVEL-5 and Yasumi Matsuno have brought together the industry's most venerated creators in the world of RPGs to...
Inazuma Eleven,Nintendo 3DS,"January 29, 2011",Inazuma Eleven is a role-playing sports video game for the Nintendo DS developed and published by Level-5. It was...
Inazuma Eleven Go Galaxy: Supernova,Nintendo 3DS,"December 5, 2013",Inazuma Eleven GO Galaxy is the third game of the Inazuma Eleven GO series and the sixth installment of the Inazuma...
Inazuma Eleven Strikers 2012 Xtreme,Nintendo Wii,"December 22, 2011","Inazuma Eleven Strikers 2012 Xtreme (イナズマイレブン ストライカーズ 2012 エクストリーム, Inazuma Irebun Strikers 2012 Ekusutorīmu) is a..."
Layton’s Mystery Journey,Android,"July 20, 2017",Layton's Mystery Journey: Katrielle and the Millionaires' Conspiracy is a puzzle video game developed by Level-5...
Ni no Kuni: Shikkoku no Madoushi,Nintendo DS,"December 9, 2010","Ni no Kuni is a series of role-playing games developed by Level-5. The series chiefly follows the young Oliver, and..."
Time Travelers,Sony PSP,"July 19, 2012","Time Travelers is a video game ""without a genre"" developed by Level-5 for the Nintendo 3DS, PlayStation Vita, and..."
Yo-kai Watch Dance: Just Dance Special Version,Nintendo Wii U,"December 5, 2015",Yo-kai Watch Dance: Just Dance Special Version is a 2015 dance video game developed by Level-5 and Ubisoft for the...
Youkai Watch Busters 2: Hihou Densetsu Banbarayaa: Sword,Nintendo 3DS,"December 16, 2017",Embark on an exciting adventure with the Level 5 Yokai Watch Busters 2: Hihou Densetsu Banbaraya Sword for Nintendo...
Attack of the Friday Monsters! A Tokyo Tale,Nintendo 3DS,"July 18, 2013","Step into the life of Sohta, the young son of a family that has just set up a dry cleaners shop in the idyllic town..."
Bugs vs Tanks!,Nintendo 3DS,"June 20, 2013","From Keiji Inafune, creator of the MEGA MAN series and many other hit titles, BUGS vs. TANKS! is a new take on the..."
Danball Senki,Sony PSP,"June 16, 2011","Danball Senki is a Role-Playing game, developed and published by Level 5, which was released in Japan in 2011"
Danball Senki Boost,Sony PSP,"November 23, 2011","Danball Senki Boost is a Role-Playing game, developed and published by Level 5, which was released in Japan in..."
Danball Senki W,Sony PSP,"October 18, 2012",
Danball Senki W,Sony Playstation Vita,"October 18, 2012","Danball Senki W (ダンボール戦機W Danbooru Senki Daburu) is the second installment of the Danball Senki series of games, a..."
Fantasy Life,Nintendo 3DS,"October 29, 2014","Fantasy Life is an original RPG for the Nintendo 3DS from Level-5, featuring music by Nobuo Uematsu and image..."
Inazuma Eleven 3: Sekai e no Chousen!!: Bomber,Nintendo DS,"July 1, 2010",Inazuma Eleven 3: Sekai e no Chousen!! is the third installment of the Inazuma Eleven games for the Nintendo DS....
Inazuma Eleven 3: Sekai e no Chousen!! Spark,Nintendo DS,"July 1, 2010",Coach Hibiki gathers Japan's greatest football players from all over Japan (many of these players are featured in...
Inazuma Eleven 3: Sekai e no Chousen!! The Ogre,Nintendo DS,"December 16, 2010",Coach Hibiki gathers Japan's greatest football players from all over Japan (many of these players are featured in...
Layton Brothers: Mystery Room,Android,"September 5, 2013",Layton Brothers: Mystery Room (レイトンブラザーズ・ミステリールーム Reiton Burazāzu Misuterī Rūmu?)[7][8] is a puzzle adventure video...
Layton Brothers: Mystery Room,Apple iOS,"September 21, 2012","Layton Brothers: Mystery Room is a puzzle adventure video game for iOS and Android, published by Level-5. It is a..."
Layton's Mystery Journey: Katrielle and the Millionaires' Conspiracy,Nintendo 3DS,"October 6, 2017","Join Katrielle Layton, our new hero, as she becomes embroiled in a casual, quizzical quest, which has its roots in..."
Layton's Mystery Journey: Katrielle and the Millionaires' Conspiracy Deluxe Edition,Nintendo Switch,"November 8, 2019","Layton's Mystery Journey: Katrielle and the Millionaires' Conspiracy is revamped as ""Deluxe Edition"" with multiple..."
Level 5 Premium: Platinum,Nintendo DS,2009,"Trial version software (Layton, Ni no Kuni & Inazuma Eleven 2) distributed free of charge at the Tokyo Game Show..."
Level 5 Premium: Silver,Nintendo DS,2007,"Limited Edition DS cartridge, which featured the Tokyo Game Show 2007 demo of upcoming soccer RPG Inazuma Eleven...."
Liberation Maiden,Nintendo 3DS,"October 4, 2012","LEVEL-5 and Grasshopper Manufacture’s SUDA51 team up to bring you LIBERATION MAIDEN, a full-scale 3D shooter game..."
Megaton Musashi,Nintendo Switch,"November 11, 2021",Megaton Musashi (メガトン級ムサシ) is a robot action/RPG that follows a group of kids who pilot giant robots to save the...
Megaton Musashi W: Wired,Nintendo Switch,"April 25, 2024","Customize the parts and weapons of giant robot Rogues

to take back the Earth from alien invaders in this..."
Megaton Musashi W: Wired,Windows,"April 24, 2024","Launch a counteroffensive to take back the Earth from alien invaders in this mecha action RPG.

Customize the..."
Ni no Kuni II: Revenant Kingdom,Sony Playstation 4,"March 23, 2018","Welcome to the beautiful world of Ni no Kuni!

After being overthrown in a coup, the young king Evan sets out on..."
Ni no Kuni II: Revenant Kingdom,Windows,"March 23, 2018","Join the young king Evan as he sets out on an epic quest to found a new kingdom and, with the help of some new..."
Ni no Kuni: Wrath of the White Witch,Nintendo Switch,"September 20, 2019",Journey back to the other world in Ni no Kuni: Wrath of the White Witch. LEVEL-5’s classic tale comes to Nintendo...
Ni no Kuni: Wrath of the White Witch,Sony Playstation 3,"January 22, 2013","A heart-warming tale of a young boy named Oliver, who embarks on a journey into a parallel world in an attempt to..."
Ni no Kuni: Wrath of the White Witch Remastered,Windows,"September 19, 2019",Journey back to the other world in Ni no Kuni: Wrath of the White Witch™ Remastered. LEVEL-5’s classic tale returns...
Professor Layton and the Azran Legacy,Nintendo 3DS,"February 28, 2014",Journey across the globe aboard the airship Bostonius while solving mind-bending brainteasers themed to their...
Rogue Galaxy,Sony Playstation 4,"April 12, 2015","The game follows the adventures of Jaster Rogue, a young agricultural worker living on an isolated planet, who..."
Sloane to MacHale no Nazo no Story,Nintendo DS,"May 21, 2009","Sloane to MacHale no Nazo no Story is a Puzzle game, developed and published by Level 5, which was released in..."
Sloane to MacHale no Nazo no Story 2,Nintendo DS,"December 3, 2009","Sloane to MacHale no Nazo no Story 2 is a Puzzle game, developed and published by Level 5, which was released in..."
Snack World: The Dungeon Crawl: Gold,Nintendo Switch,"April 12, 2018","Let the dungeon crawl...begin! After your village is invaded, become a heroic adventurer and seek revenge against..."
Tago Akira no Atama no Taisou Dai-1-Shuu: Nazotoki Sekai Isshuu Ryokou,Nintendo DS,"June 18, 2009","Tago Akira no Atama no Taisou Dai-1-Shuu: Nazotoki Sekai Isshuu Ryokou is a Miscellaneous game, developed and..."
Tago Akira no Atama no Taisou Dai-2-Shuu: Ginga Oudan Nazotoki Adventure,Nintendo DS,"June 18, 2009","Tago Akira no Atama no Taisou Dai-2-Shuu: Ginga Oudan Nazotoki Adventure is a Puzzle game, developed and published..."
Tago Akira no Atama no Taisou Dai-3-Shuu: Fushigi no Kuni no Nazotoki Otogibanashi,Nintendo DS,"October 8, 2009","Tago Akira no Atama no Taisou Dai-3-Shuu: Fushigi no Kuni no Nazotoki Otogibanashi is an puzzle game, developed and..."
Tago Akira no Atama no Taisou Dai-4-Shuu: Time Machine no Nazotoki Daibouken,Nintendo DS,"October 8, 2009","Tago Akira no Atama no Taisou Dai-4-Shuu: Time Machine no Nazotoki Daibouken is an puzzle game, developed and..."
The Starship Damrey,Nintendo 3DS,"May 16, 2013",Seek the inconcievable truth of the Starship Damrey and discover why nothing is more frightening than complete...
Time Travelers,Nintendo 3DS,"July 12, 2012","In 2013, a mysterious hole, called ""Lost Hole"", emerged from the sky, and along with it, came an enormous explosion..."
Time Travelers,Sony Playstation Vita,"July 12, 2012","Re-do that moment. Change fate. Live on. Playing Cinema.
This is a time travelling mega title by Jiro Ishii, who..."
Weapon Shop De Omasse,Nintendo 3DS,"February 20, 2014","In Weapon Shop de Omasse the player takes on the role of Yuhan, a young apprentice at a shop that specializes at..."
White Knight Chronicles II,Sony Playstation 3,"September 13, 2011","White Knight Chronicles II, the sequel to White Knight Chronicles: International Edition, is an epic role-playing..."
White Knight Chronicles: International Edition,Sony Playstation 3,"February 2, 2010",White Knight Chronicles: International Edition is a Japanese RPG which allows players to explore an expansive and...
Yo-kai Watch 1 for Nintendo Switch,Nintendo Switch,"October 10, 2019",Yo-kai Watch 1 for Nintendo Switch is an enhanced port version of the original 2013 Nintendo 3DS game with improved...
Yo-Kai Watch 2: Fleshy Souls,Nintendo 3DS,"July 10, 2014","Watch out! The strangely charming troublemakers, Yo-kai, are back for an all-new adventure! Find, befriend, and..."
Yo-kai Watch 2: Psychic Specters,Nintendo 3DS,"September 29, 2017","Get wicked and complete the ultimate YO-KAI WATCH experience.

The strange but friendly troublemakers, Yo-kai,..."
Yo-kai Watch 3,Nintendo 3DS,"December 15, 2016",Follow two parallel stories and unravel the mysteries behind strange sightings while meeting over 600 Yo-kai and...
Youkai Sangokushi,Nintendo 3DS,"April 2, 2016","In the sunset under the ocean, the both teams (one are Whisper, Jibanyan, Komasan and Venoct, and another one are..."
Youkai uotchi 4: bokuraha onaji sora wo miage teiru,Nintendo Switch,"June 20, 2019","""Youkai Watch 4: Bokura wa Onaji Sora wo Miageteiru"" is a Nintendo Switch game, also known as Yo-kai Watch 4. It..."
Youkai Watch Busters 2: Hihou Densetsu Banbaraya Magnum,Nintendo 3DS,"December 16, 2017",Yo-Kai Watch Busters 2 – Treasure Legend Banbaraya – Magnum also known as Yo-Kai Watch Busters 2 – Hihou Densetsu...
Aero Porter,Nintendo 3DS,"November 12, 2012","An airport simulation and puzzle game that will have you sorting luggage, expanding your airport's operations, and..."
Dark Cloud,Sony Playstation 2,"May 29, 2001",Dark Cloud is set within a fantastic world with two moons called Terra. The world is made of two main continents...
Dark Cloud 2,Sony Playstation 2,"February 17, 2003","As a young inventor, you are called upon to search the dangerous dungeons, battle evil monsters and re-claim towns..."
Dragon Quest IX: Sentinels of the Starry Skies,Nintendo DS,"July 11, 2009","In ""Dragon Quest IX: Sentinels of the Starry Skies,"" players begin their adventure as a city guardian who is sent..."
Dragon Quest VIII: Journey of the Cursed King,Sony Playstation 2,"April 13, 2006",A mysterious jester. A forbidden scepter. A fiendish curse. A once idyllic kingdom lies entangled in a web of...
FANTASY LIFE i: The Girl Who Steals Time,Microsoft Xbox Series X/S,,
FANTASY LIFE i: The Girl Who Steals Time,Nintendo Switch 2,,
Fantasy Life Online,Android,"July 23, 2018","This game is similar to its predecessor, as it features 12 Lives and a new “Village” feature, where the player will..."
Inazuma Eleven,Nintendo DS,"August 26, 2011","Mark Evans is a very talented goalkeeper and the grandson of one of the strongest goalkeepers in Japan, who..."
Inazuma Eleven 1-2-3!! Endou Mamoru Densetsu,Nintendo 3DS,"December 27, 2012","The game contains the plots of the first three Inazuma Eleven games, starting off by following the protagonist of..."
Inazuma Eleven 2: Blizzard,Nintendo DS,"March 16, 2012","Endou Mamoru (Mark Evans in the European version), is a very talented goalkeeper. He plays for his high school's..."
Inazuma Eleven 2: Firestorm,Nintendo DS,"March 16, 2012","Inazuma Eleven 2 is the next iteration in the Inazuma Eleven series, which debuted on Nintendo DS in 2009.

The..."
Inazuma Eleven 3: Bomb Blast,Nintendo 3DS,"September 27, 2013",Its time to get into pre-season training and reacquaint yourself with Mark Evans and other star players in the...
Inazuma Eleven 3: Lightning Bolt,Nintendo 3DS,"September 27, 2013",Its time to get into pre-season training and reacquaint yourself with Mark Evans and other star players in the...
Inazuma Eleven 3: Team Ogre Attacks,Nintendo 3DS,"February 14, 2014","Goal! Dive in to Inazuma Eleven 3: Team Ogre Attacks!, an exciting blend of RPG action and football exclusive to..."
Inazuma Eleven GO Chrono Stones: Thunderflash,Nintendo 3DS,"March 27, 2015",Travel through time to save football in Inazuma Eleven GO Chrono Stones: Thunderflash on Nintendo 3DS and...
Inazuma Eleven Go Chrono Stones: Wildfire,Nintendo 3DS,"May 27, 2015","Travel through time to save football in Inazuma Eleven GO Chrono Stones: Wildfire on Nintendo 3DS and 2DS!

Fight..."
Inazuma Eleven Go Galaxy: Big Bang,Nintendo 3DS,"December 5, 2013","Youths' soccer world championship, Football Frontier International Vision 2 (FFIV2) is held, thus Inazuma Japan is..."
Inazuma Eleven Go: Light,Nintendo 3DS,"June 13, 2014","Summon up your fighting spirit as Raimon Jr. High takes to the pitch again! New footie stars, new moves and a whole..."
Inazuma Eleven Go: Shadow,Nintendo 3DS,"June 13, 2014","Summon up your fighting spirit as Raimon Jr. High takes to the pitch again! New footie stars, new moves and a whole..."
Inazuma Eleven GO Strikers 2013,Nintendo Wii,"December 20, 2012","Inazuma Eleven GO Strikers 2013 is an Inazuma Eleven spin-off game for the Nintendo Wii, featuring characters from..."
Inazuma Eleven Strikers,Nintendo Wii,"September 28, 2012","Inazuma Eleven Strikers is a Sports game, developed and published by Level 5, which was released in Japan in 2011"
Jeanne d'Arc,Sony PSP,"August 21, 2007","It is the 15th century, the time of the Hundred Years' War between England and France. A young French girl from the..."
Jeanne d'Arc,Sony Playstation 4,"July 16, 2024","Experience Jeanne d'Arc originally released on the PSP (PlayStation®Portable) system, enhanced with up-rendering,..."
Kidou Senshi Gundam AGE: Cosmic Drive,Sony PSP,"August 30, 2012","Kidou Senshi Gundam AGE: Cosmic Drive is a Role-Playing game, developed by Level 5 and published by Bandai Namco..."
Kidou Senshi Gundam AGE: Universe Accel,Sony PSP,"August 30, 2012","Kidou Senshi Gundam AGE: Universe Accel is a Role-Playing game, developed by Level 5 and published by Bandai Namco..."
LBX: Little Battlers eXperience,Nintendo 3DS,"August 21, 2015","Collect, build and battle your palm-sized robot. Play as Van Yamano, a young boy who comes upon a unique LBX - a..."
Level 5,Sinclair ZX Spectrum,1987,Level 5 is a 2D top down shooter set in a maze. The player is trapped inside a giant alien space pod and must reach...
Ni no Kuni: Cross Worlds,Windows,"June 10, 2021","The game begins with a glimpse into Ichi no Kuni in the present day, with technology extensively advanced. The..."
Ni no Kuni II: Revenant Kingdom: Prince's Edition,Nintendo Switch,"September 17, 2021","Join the young king, Evan, as he sets out on an epic quest to found a new kingdom and save his world. The Prince's..."
Ni no Kuni: Wrath of the White Witch Remastered,Sony Playstation 4,"September 20, 2019",Ni no Kuni: Wrath of the White Witch Remastered = Journey back to the other world in Ni no Kuni: Wrath of the White...
ParaWorld,Windows,"September 25, 2006",ParaWorld is a real-time strategy game in which warring tribes team with vicious prehistoric beasts to wage brutal...
Professor Layton and the Curious Village,Nintendo DS,"February 15, 2007","In the curious village of St. Mystere, townsfolk speak to each other in riddles, lock their doors with sliding..."
Professor Layton and the Curious Village HD for Mobile,Android,"September 25, 2018","Awarded Best Handheld Game of 2008. Discover the title that launched a legacy!

With over 17 million units sold..."
Professor Layton and the Diabolical Box,Nintendo DS,"August 24, 2009","In the world of Professor Layton, puzzles hide in every corner. When the professor's mentor is mysteriously..."
Professor Layton and the Last Specter,Nintendo DS,"October 17, 2011","Last Specter is the fourth game in the Professor Layton series, and is a prequel that takes place three years..."
Professor Layton and the Miracle Mask,Nintendo 3DS,"October 28, 2012","Professor Layton's first adventure on the Nintendo 3DS system takes him to the colorful city of Monte d'Or, where..."
Professor Layton and the Unwound Future,Nintendo DS,"September 12, 2010",Professor Layton and the Unwound Future is the third game in the beloved Professor Layton series of brainteaser...
Professor Layton vs Phoenix Wright: Ace Attorney,Nintendo 3DS,"November 29, 2012","Ace Attorney and Ace Investigator Join Forces!

Two of gaming's biggest sleuths team up to solve the most..."
Rogue Galaxy,Sony Playstation 2,"January 30, 2007","At the far edge of the galaxy lies the desert planet of Rosa, home to Jaster, a buccaneering young pirate who..."
Yo-kai Watch,Nintendo 3DS,"November 6, 2015","The YO-KAI WATCH game is about hundreds of sometimes cute, sometimes spooky, and usually mischievous Yo-kai that..."
Yo-Kai Watch 2: Bony Spirits,Nintendo 3DS,"September 30, 2016","Watch out! The strangely charming troublemakers, Yo-kai, are back for an all-new adventure! Find, befriend, and..."
Yo-kai Watch Blasters: Red Cat Corps,Nintendo 3DS,"September 7, 2018",Take down enemy Yo-kai and Big Bosses using skills and Soultimate Moves with up to 3 other friends*. As you tackle...
Yo-Kai Watch Blasters: White Dog Squad,Nintendo 3DS,"September 7, 2018",Join Jibanyan and his Blasters team in action-packed battles to stop the masterminds behind a series of Yo-kai...
